{"광진구": [127.08744213778539, 37.550613013781124], "관악구": [126.94705042248849, 37.47147689805943], "강서구": [126.82900888584759, 37.55882612891639], "동대문구": [127.0563586273172, 37.58309238434362], "영등포구": [126.90731789494285, 37.51319934256285], "양천구": [126.85213373022117, 37.52669794580761], "종로구": [126.98060757184508, 37.5880773739004], "성동구": [127.04012713967197, 37.55376486671699], "용산구": [126.97870549265974, 37.534889689365], "강북구": [127.01879254492957, 37.63682428908518], "노원구": [127.07255270225585, 37.648531995310435], "동작구": [126.94574110861392, 37.498193676472106], "성북구": [127.02205437410943, 37.604258184636514], "서초구": [127.02166477360747, 37.47723138215103], "강동구": [127.14348215082647, 37.54543106871133], "은평구": [126.92325310449436, 37.61185388419901], "서대문구": [126.94100562178714, 37.582901695938745], "도봉구": [127.03328054102876, 37.66626764195207], "중구": [126.99730997978605, 37.55927972073103], "강남구": [127.06382987435381, 37.496646853545904], "중랑구": [127.09359586930859, 37.59689741230508], "마포구": [126.92359176502681, 37.55531653016572], "금천구": [126.90228684681611, 37.46092873330643], "송파구": [127.11865583858818, 37.50156647876685], "구로구": [126.86249475649062, 37.49409145532834], "name": ["광진구", "관악구", "강서구", "동대문구", "영등포구", "양천구", "종로구", "성동구", "용산구", "강북구", "노원구", "동작구", "성북구", "서초구", "강동구", "은평구", "서대문구", "도봉구", "중구", "강남구", "중랑구", "마포구", "금천구", "송파구", "구로구"]}